DisplayName,SpawnName,ImageName
Asbo,asbo,asbo
Blista,blista,blista
Brioso R/A,brioso,brioso
Brioso 300,brioso2,brioso2
Brioso 300 Widebody,brioso3,brioso3
Club,club,club
Dilettante,dilettante,dilettante
Dilettante,dilettante2,dilettante2
Issi,issi2,issi2
Issi Classic,issi3,issi3
Apocalypse Issi,issi4,issi4
Future Shock Issi,issi5,issi5
Nightmare Issi,issi6,issi6
Blista Kanjo,kanjo,kanjo
Panto,panto,panto
Prairie,prairie,prairie
Rhapsody,rhapsody,rhapsody
Weevil,weevil,weevil
Asea,asea,asea
Asea,asea2,asea2
Asterope,asterope,asterope
Asterope GZ,asterope2,asterope2
Cinquemila,cinquemila,cinquemila
Cognoscenti 55,cog55,cog55
Cognoscenti 55 (Armored),cog552,cog552
Cognoscenti,cognoscenti,cognoscenti
Cognoscenti (Armored),cognoscenti2,cognoscenti2
Deity,deity,deity
Chavos V6,driftchavosv6,driftchavosv6
Hardy,drifthardy,drifthardy
Emperor,emperor,emperor
Emperor,emperor2,emperor2
Emperor,emperor3,emperor3
Fugitive,fugitive,fugitive
Glendale,glendale,glendale
Glendale Custom,glendale2,glendale2
Hardy,hardy,hardy
Impaler SZ,impaler5,impaler5
Ingot,ingot,ingot
Intruder,intruder,intruder
Turreted Limo,limo2,limo2
Minimus,minimus,minimus
Premier,premier,premier
Primo,primo,primo
Primo Custom,primo2,primo2
Regina,regina,regina
Rhinehart,rhinehart,rhinehart
Romero Hearse,romero,romero
Schafter,schafter2,schafter2
Schafter V12 (Armored),schafter5,schafter5
Schafter LWB (Armored),schafter6,schafter6
Stafford,stafford,stafford
Stanier,stanier,stanier
Stratum,stratum,stratum
Stretch,stretch,stretch
Super Diamond,superd,superd
Surge,surge,surge
Tailgater,tailgater,tailgater
Tailgater S,tailgater2,tailgater2
Warrener,warrener,warrener
Warrener HKR,warrener2,warrener2
Washington,washington,washington
Aleutian,aleutian,aleutian
Astron,astron,astron
Baller,baller,baller
Baller,baller2,baller2
Baller LE,baller3,baller3
Baller LE LWB,baller4,baller4
Baller LE (Armored),baller5,baller5
Baller LE LWB (Armored),baller6,baller6
Baller ST,baller7,baller7
Baller ST-D,baller8,baller8
BeeJay XL,bjxl,bjxl
Cavalcade,cavalcade,cavalcade
Cavalcade,cavalcade2,cavalcade2
Cavalcade XL,cavalcade3,cavalcade3
Contender,contender,contender
Dorado,dorado,dorado
Dubsta,dubsta,dubsta
Dubsta,dubsta2,dubsta2
Everon RS,everon3,everon3
FQ 2,fq2,fq2
Granger,granger,granger
Granger 3600LX,granger2,granger2
Gresley,gresley,gresley
Habanero,habanero,habanero
Huntley S,huntley,huntley
Issi Rally,issi8,issi8
I-Wagen,iwagen,iwagen
Jubilee,jubilee,jubilee
Landstalker,landstalker,landstalker
Landstalker XL,landstalker2,landstalker2
Mesa,mesa,mesa
Mesa,mesa2,mesa2
Novak,novak,novak
Patriot,patriot,patriot
Patriot Stretch,patriot2,patriot2
Radius,radi,radi
Rebla GTS,rebla,rebla
Rocoto,rocoto,rocoto
Seminole,seminole,seminole
Seminole Frontier,seminole2,seminole2
Serrano,serrano,serrano
Squaddie,squaddie,squaddie
Toros,toros,toros
Vivanite,vivanite,vivanite
Woodlander,woodlander,woodlander
XLS,xls,xls
XLS (Armored),xls2,xls2
Cognoscenti Cabrio,cogcabrio,cogcabrio
FR36,driftfr36,driftfr36
Sentinel XS,driftsent2,driftsent2
Exemplar,exemplar,exemplar
F620,f620,f620
Felon,felon,felon
Felon GT,felon2,felon2
FR36,fr36,fr36
Jackal,jackal,jackal
Kanjo SJ,kanjosj,kanjosj
Oracle XS,oracle,oracle
Oracle,oracle2,oracle2
Postlude,postlude,postlude
Previon,previon,previon
Sentinel XS,sentinel,sentinel
Sentinel,sentinel2,sentinel2
Sentinel XS4,sentinel6,sentinel6
Windsor,windsor,windsor
Windsor Drop,windsor2,windsor2
Zion,zion,zion
Zion Cabrio,zion2,zion2
Blade,blade,blade
Brigham,brigham,brigham
Broadway,broadway,broadway
Buccaneer,buccaneer,buccaneer
Buccaneer Custom,buccaneer2,buccaneer2
Buffalo STX,buffalo4,buffalo4
Buffalo EVX,buffalo5,buffalo5
Chino,chino,chino
Chino Custom,chino2,chino2
Clique,clique,clique
Clique Wagon,clique2,clique2
Coquette BlackFin,coquette3,coquette3
Deviant,deviant,deviant
Dominator,dominator,dominator
Pisswasser Dominator,dominator2,dominator2
Dominator GTX,dominator3,dominator3
Apocalypse Dominator,dominator4,dominator4
Future Shock Dominator,dominator5,dominator5
Nightmare Dominator,dominator6,dominator6
Dominator ASP,dominator7,dominator7
Dominator GTT,dominator8,dominator8
Dominator GT,dominator9,dominator9
Dominator GT,driftdom9,driftdom9
Dominator FX,driftdominator10,driftdominator10
Gauntlet Hellfire,driftgauntlet4,driftgauntlet4
Drift Yosemite,driftyosemite,driftyosemite
Dukes,dukes,dukes
Duke O'Death,dukes2,dukes2
Beater Dukes,dukes3,dukes3
Ellie,ellie,ellie
Eudora,eudora,eudora
Faction,faction,faction
Faction Custom 1,faction2,faction2
Faction Custom Donk,faction3,faction3
Gauntlet,gauntlet,gauntlet
Redwood Gauntlet,gauntlet2,gauntlet2
Gauntlet Classic,gauntlet3,gauntlet3
Gauntlet Hellfire,gauntlet4,gauntlet4
Gauntlet Classic Custom,gauntlet5,gauntlet5
Greenwood,greenwood,greenwood
Hermes,hermes,hermes
Hotknife,hotknife,hotknife
Hustler,hustler,hustler
Impaler,impaler,impaler
Apocalypse Impaler,impaler2,impaler2
Future Shock Impaler,impaler3,impaler3
Nightmare Impaler,impaler4,impaler4
Impaler LX,impaler6,impaler6
Apocalypse Imperator,imperator,imperator
Future Shock Imperator,imperator2,imperator2
Nightmare Imperator,imperator3,imperator3
Lurcher,lurcher,lurcher
Manana Custom,manana2,manana2
Moonbeam,moonbeam,moonbeam
Moonbeam Custom,moonbeam2,moonbeam2
Nightshade,nightshade,nightshade
Peyote Gasser,peyote2,peyote2
Phoenix,phoenix,phoenix
Picador,picador,picador
Rat-Loader,ratloader,ratloader
Rat-Truck,ratloader2,ratloader2
Ruiner,ruiner,ruiner
Ruiner 2000,ruiner2,ruiner2
Ruiner,ruiner3,ruiner3
Ruiner ZZ-8,ruiner4,ruiner4
Sabre Turbo,sabregt,sabregt
Sabre Turbo Custom,sabregt2,sabregt2
Slamvan,slamvan,slamvan
Lost Slamvan,slamvan2,slamvan2
Slamvan Custom,slamvan3,slamvan3
Apocalypse Slamvan,slamvan4,slamvan4
Future Shock Slamvan,slamvan5,slamvan5
Nightmare Slamvan,slamvan6,slamvan6
Stallion,stalion,stalion
Burger Shot Stallion,stalion2,stalion2
Tahoma Coupe,tahoma,tahoma
Tampa,tampa,tampa
Weaponized Tampa,tampa3,tampa3
Tampa GT,tampa4,tampa4
Tulip,tulip,tulip
Tulip M-100,tulip2,tulip2
Vamos,vamos,vamos
Vigero,vigero,vigero
Vigero ZX,vigero2,vigero2
Vigero ZX Convertible,vigero3,vigero3
Virgo,virgo,virgo
Virgo Classic Custom,virgo2,virgo2
Virgo Classic,virgo3,virgo3
Voodoo Custom,voodoo,voodoo
Voodoo,voodoo2,voodoo2
Weevil Custom,weevil2,weevil2
Yosemite,yosemite,yosemite
Drift Yosemite,yosemite2,yosemite2
Ardent,ardent,ardent
Astrale,astrale,astrale
Roosevelt,btype,btype
Fränken Stange,btype2,btype2
Roosevelt Valor,btype3,btype3
Casco,casco,casco
Cheburek,cheburek,cheburek
Cheetah Classic,cheetah2,cheetah2
LSCM Cheetah Classic,cheetah3,cheetah3
Coquette Classic,coquette2,coquette2
Deluxo,deluxo,deluxo
Dynasty,dynasty,dynasty
Fagaloa,fagaloa,fagaloa
Feltzer Classic,feltzer3,feltzer3
GT500,gt500,gt500
GT750,gt750,gt750
Infernus Classic,infernus2,infernus2
Itali Classic,itali2,itali2
JB 700,jb700,jb700
JB 700W,jb7002,jb7002
Mamba,mamba,mamba
Manana,manana,manana
Michelli GT,michelli,michelli
Monroe,monroe,monroe
Nebula Turbo,nebula,nebula
Peyote,peyote,peyote
Peyote Custom,peyote3,peyote3
Pigalle,pigalle,pigalle
Rapid GT Classic,rapidgt3,rapidgt3
Retinue,retinue,retinue
Retinue Mk II,retinue2,retinue2
Savestra,savestra,savestra
Stinger,stinger,stinger
Stinger GT,stingergt,stingergt
Stromberg,stromberg,stromberg
Swinger,swinger,swinger
Toreador,toreador,toreador
Torero,torero,torero
Tornado,tornado,tornado
Tornado,tornado2,tornado2
Tornado,tornado3,tornado3
Tornado,tornado4,tornado4
Tornado Custom,tornado5,tornado5
Tornado Rat Rod,tornado6,tornado6
Turismo Classic,turismo2,turismo2
Viseris,viseris,viseris
190z,z190,z190
Zion Classic,zion3,zion3
Z-Type,ztype,ztype
Alpha,alpha,alpha
Banshee,banshee,banshee
Bestia GTS,bestiagts,bestiagts
Blista Compact,blista2,blista2
Go Go Monkey Blista,blista3,blista3
Buffalo,buffalo,buffalo
Buffalo S,buffalo2,buffalo2
Sprunk Buffalo,buffalo3,buffalo3
Calico GTF,calico,calico
Carbonizzare,carbonizzare,carbonizzare
Comet,comet2,comet2
Comet Retro Custom,comet3,comet3
Comet Safari,comet4,comet4
Comet SR,comet5,comet5
Comet S2,comet6,comet6
Comet S2 Cabrio,comet7,comet7
Coquette,coquette,coquette
Coquette D10,coquette4,coquette4
Corsita,corsita,corsita
La Coureuse,coureur,coureur
Cypher,cypher,cypher
8F Drafter,drafter,drafter
Euros,drifteuros,drifteuros
Futo GTX,driftfuto,driftfuto
Jester RR,driftjester,driftjester
Remus,driftremus,driftremus
RT3000,driftrt3,driftrt3
Drift Tampa,drifttampa,drifttampa
ZR350,driftzr350,driftzr350
Elegy Retro Custom,elegy,elegy
Elegy RH8,elegy2,elegy2
Euros,euros,euros
Hotring Everon,everon2,everon2
Feltzer,feltzer2,feltzer2
Flash GT,flashgt,flashgt
Furore GT,furoregt,furoregt
Fusilade,fusilade,fusilade
Futo,futo,futo
Futo GTX,futo2,futo2
Hotring Hellfire,gauntlet6,gauntlet6
GB200,gb200,gb200
Growler,growler,growler
Hotring Sabre,hotring,hotring
Imorgon,imorgon,imorgon
Issi Sport,issi7,issi7
Itali GTO,italigto,italigto
Itali RSX,italirsx,italirsx
Jester,jester,jester
Jester (Racecar),jester2,jester2
Jester Classic,jester3,jester3
Jester RR,jester4,jester4
Jugular,jugular,jugular
Khamelion,khamelion,khamelion
Komoda,komoda,komoda
Kuruma,kuruma,kuruma
Kuruma (Armored),kuruma2,kuruma2
Locust,locust,locust
Lynx,lynx,lynx
Massacro,massacro,massacro
Massacro (Racecar),massacro2,massacro2
Neo,neo,neo
Neon,neon,neon
9F,ninef,ninef
9F Cabrio,ninef2,ninef2
Omnis,omnis,omnis
Omnis e-GT,omnisegt,omnisegt
Panthere,panthere,panthere
Paragon R,paragon,paragon
Paragon R (Armored),paragon2,paragon2
Pariah,pariah,pariah
Penumbra,penumbra,penumbra
Penumbra FF,penumbra2,penumbra2
300R,r300,r300
Raiden,raiden,raiden
Rapid GT,rapidgt,rapidgt
Rapid GT,rapidgt2,rapidgt2
Rapid GT X,rapidgt4,rapidgt4
Raptor,raptor,raptor
Remus,remus,remus
Revolter,revolter,revolter
RT3000,rt3000,rt3000
Ruston,ruston,ruston
Schafter V12,schafter3,schafter3
Schafter LWB,schafter4,schafter4
Schlagen GT,schlagen,schlagen
Schwartzer,schwarzer,schwarzer
Sentinel,sentinel3,sentinel3
Sentinel Classic Widebody,sentinel4,sentinel4
Sentinel GTS,sentinel5,sentinel5
Seven-70,seven70,seven70
SM722,sm722,sm722
Specter,specter,specter
Specter Custom,specter2,specter2
Itali GTO Stinger TT,stingertt,stingertt
Streiter,streiter,streiter
Sugoi,sugoi,sugoi
Sultan,sultan,sultan
Sultan Classic,sultan2,sultan2
Sultan RS Classic,sultan3,sultan3
Surano,surano,surano
Drift Tampa,tampa2,tampa2
10F,tenf,tenf
10F Widebody,tenf2,tenf2
Tropos Rallye,tropos,tropos
Vectre,vectre,vectre
Verlierer,verlierer2,verlierer2
Veto Classic,veto,veto
Veto Modern,veto2,veto2
V-STR,vstr,vstr
ZR350,zr350,zr350
Apocalypse ZR380,zr380,zr380
Future Shock ZR380,zr3802,zr3802
Nightmare ZR380,zr3803,zr3803
Adder,adder,adder
Autarch,autarch,autarch
Banshee 900R,banshee2,banshee2
Bullet,bullet,bullet
Champion,champion,champion
Cheetah,cheetah,cheetah
Cyclone,cyclone,cyclone
Deveste Eight,deveste,deveste
Emerus,emerus,emerus
Entity XXR,entity2,entity2
Entity MT,entity3,entity3
Entity XF,entityxf,entityxf
FMJ,fmj,fmj
FMJ MK V,fmj2,fmj2
Furia,furia,furia
GP1,gp1,gp1
Ignus,ignus,ignus
Infernus,infernus,infernus
Itali GTB,italigtb,italigtb
Itali GTB Custom,italigtb2,italigtb2
Krieger,krieger,krieger
RE-7B,le7b,le7b
LM87,lm87,lm87
Luiva,luiva,luiva
Nero,nero,nero
Nero Custom,nero2,nero2
Osiris,osiris,osiris
Penetrator,penetrator,penetrator
811,pfister811,pfister811
X80 Proto,prototipo,prototipo
Reaper,reaper,reaper
S80RR,s80,s80
SC1,sc1,sc1
Scramjet,scramjet,scramjet
ETR1,sheava,sheava
Sultan RS,sultanrs,sultanrs
Suzume,suzume,suzume
T20,t20,t20
Taipan,taipan,taipan
Tempesta,tempesta,tempesta
Tezeract,tezeract,tezeract
Thrax,thrax,thrax
Tigon,tigon,tigon
Torero XO,torero2,torero2
Turismo Omaggio,turismo3,turismo3
Turismo R,turismor,turismor
Tyrant,tyrant,tyrant
Tyrus,tyrus,tyrus
Vacca,vacca,vacca
Vagner,vagner,vagner
Vigilante,vigilante,vigilante
Virtue,virtue,virtue
Visione,visione,visione
Voltic,voltic,voltic
Rocket Voltic,voltic2,voltic2
XA-21,xa21,xa21
X-treme,xtreme,xtreme
Zeno,zeno,zeno
Zentorno,zentorno,zentorno
Zorrusso,zorrusso,zorrusso
Akuma,akuma,akuma
Avarus,avarus,avarus
Bagger,bagger,bagger
Bati 801,bati,bati
Bati 801RR,bati2,bati2
BF400,bf400,bf400
Carbon RS,carbonrs,carbonrs
Chimera,chimera,chimera
Cliffhanger,cliffhanger,cliffhanger
Daemon,daemon,daemon
Daemon Custom,daemon2,daemon2
Apocalypse Deathbike,deathbike,deathbike
Future Shock Deathbike,deathbike2,deathbike2
Nightmare Deathbike,deathbike3,deathbike3
Defiler,defiler,defiler
Diabolus,diablous,diablous
Diabolus Custom,diablous2,diablous2
Double-T,double,double
Enduro,enduro,enduro
Esskey,esskey,esskey
Faggio Sport,faggio,faggio
Faggio,faggio2,faggio2
Faggio Mod,faggio3,faggio3
FCR 1000,fcr,fcr
FCR 1000 Custom,fcr2,fcr2
Gargoyle,gargoyle,gargoyle
Hakuchou,hakuchou,hakuchou
Hakuchou Drag,hakuchou2,hakuchou2
Hexer,hexer,hexer
Innovation,innovation,innovation
Lectro,lectro,lectro
Manchez,manchez,manchez
Manchez Scout,manchez2,manchez2
Manchez Scout C,manchez3,manchez3
Nemesis,nemesis,nemesis
Nightblade,nightblade,nightblade
Oppressor,oppressor,oppressor
Oppressor Mk II,oppressor2,oppressor2
PCJ 600,pcj,pcj
Powersurge,powersurge,powersurge
Rat Bike,ratbike,ratbike
Reever,reever,reever
Rampant Rocket,rrocket,rrocket
Ruffian,ruffian,ruffian
Sanchez (livery),sanchez,sanchez
Sanchez,sanchez2,sanchez2
Sanctus,sanctus,sanctus
Shinobi,shinobi,shinobi
Shotaro,shotaro,shotaro
Sovereign,sovereign,sovereign
Stryder,stryder,stryder
Thrust,thrust,thrust
Vader,vader,vader
Vindicator,vindicator,vindicator
Vortex,vortex,vortex
Wolfsbane,wolfsbane,wolfsbane
Zombie Bobber,zombiea,zombiea
Zombie Chopper,zombieb,zombieb
Injection,bfinjection,bfinjection
Bifta,bifta,bifta
Blazer,blazer,blazer
Blazer Lifeguard,blazer2,blazer2
Hot Rod Blazer,blazer3,blazer3
Street Blazer,blazer4,blazer4
Blazer Aqua,blazer5,blazer5
Bodhi,bodhi2,bodhi2
Boor,boor,boor
Brawler,brawler,brawler
Apocalypse Bruiser,bruiser,bruiser
Future Shock Bruiser,bruiser2,bruiser2
Nightmare Bruiser,bruiser3,bruiser3
Apocalypse Brutus,brutus,brutus
Future Shock Brutus,brutus2,brutus2
Nightmare Brutus,brutus3,brutus3
Caracara,caracara,caracara
Caracara 4x4,caracara2,caracara2
Duneloader,dloader,dloader
Draugur,draugur,draugur
Drift Walkton L35,driftl352,driftl352
Dubsta 6x6,dubsta3,dubsta3
Dune Buggy,dune,dune
Space Docker,dune2,dune2
Dune FAV,dune3,dune3
Ramp Buggy,dune4,dune4
Ramp Buggy,dune5,dune5
Freecrawler,freecrawler,freecrawler
Hellion,hellion,hellion
Insurgent Pick-Up,insurgent,insurgent
Insurgent,insurgent2,insurgent2
Insurgent Pick-Up Custom,insurgent3,insurgent3
Kalahari,kalahari,kalahari
Kamacho,kamacho,kamacho
Walton L35,l35,l35
Walton L35 Stock,l352,l352
Marshall,marshall,marshall
Menacer,menacer,menacer
Mesa,mesa3,mesa3
Monster,monster,monster
Apocalypse Sasquatch,monster3,monster3
Future Shock Sasquatch,monster4,monster4
Nightmare Sasquatch,monster5,monster5
MonstroCiti,monstrociti,monstrociti
Nightshark,nightshark,nightshark
Outlaw,outlaw,outlaw
Patriot Mil-Spec,patriot3,patriot3
Rancher XL,rancherxl,rancherxl
Rancher XL,rancherxl2,rancherxl2
Ratel,ratel,ratel
RC Bandito,rcbandito,rcbandito
Rusty Rebel,rebel,rebel
Rebel,rebel2,rebel2
Riata,riata,riata
Sandking XL,sandking,sandking
Sandking SWB,sandking2,sandking2
Technical,technical,technical
Technical Aqua,technical2,technical2
Technical Custom,technical3,technical3
Terminus,terminus,terminus
Trophy Truck,trophytruck,trophytruck
Desert Raid,trophytruck2,trophytruck2
Vagrant,vagrant,vagrant
Verus,verus,verus
Winky,winky,winky
Yosemite Rancher,yosemite3,yosemite3
Zhaba,zhaba,zhaba
Dozer,bulldozer,bulldozer
Cutter,cutter,cutter
Dump,dump,dump
Flatbed,flatbed,flatbed
Custom Flatbed,flatbed2,flatbed2
Guardian,guardian,guardian
Dock Handler,handler,handler
Mixer,mixer,mixer
Mixer,mixer2,mixer2
Rubble,rubble,rubble
Tipper,tiptruck,tiptruck
Tipper,tiptruck2,tiptruck2
Airtug,airtug,airtug
Army Trailer,armytanker,armytanker
Army Trailer,armytrailer,armytrailer
Army Trailer,armytrailer2,armytrailer2
Baletrailer,baletrailer,baletrailer
Boat Trailer,boattrailer,boattrailer
Boat Trailer,boattrailer2,boattrailer2
Boat Trailer,boattrailer3,boattrailer3
Caddy,caddy,caddy
Caddy,caddy2,caddy2
Caddy,caddy3,caddy3
Keitora,dkeitora,dkeitora
null,docktrailer,docktrailer
Docktug,docktug,docktug
Forklift,forklift,forklift
null,freighttrailer,freighttrailer
Graintrailer,graintrailer,graintrailer
Keitora,keitora,keitora
Lawn Mower,mower,mower
null,proptrailer,proptrailer
Trailer,raketrailer,raketrailer
Ripley,ripley,ripley
Sadler,sadler,sadler
Sadler,sadler2,sadler2
Scrap Truck,scrap,scrap
Slamtruck,slamtruck,slamtruck
Trailer,tanker,tanker
null,tanker2,tanker2
Tow Truck,towtruck,towtruck
Tow Truck,towtruck2,towtruck2
Tow Truck,towtruck3,towtruck3
Tow Truck,towtruck4,towtruck4
Trailer,tr2,tr2
Trailer,tr3,tr3
Trailer,tr4,tr4
Tractor,tractor,tractor
Fieldmaster,tractor2,tractor2
Fieldmaster,tractor3,tractor3
Mobile Operations Center,trailerlarge,trailerlarge
Trailer,trailerlogs,trailerlogs
Trailer,trailers,trailers
Trailer,trailers2,trailers2
Trailer,trailers3,trailers3
Trailer,trailers4,trailers4
Trailer,trailers5,trailers5
Trailer,trailersmall,trailersmall
Trailer,trflat,trflat
Trailer,tvtrailer,tvtrailer
Trailer,tvtrailer2,tvtrailer2
Utility Truck,utillitruck,utillitruck
Utility Truck,utillitruck2,utillitruck2
Utility Truck,utillitruck3,utillitruck3
Bison,bison,bison
Bison,bison2,bison2
Bison,bison3,bison3
Bobcat XL,bobcatxl,bobcatxl
Boxville,boxville,boxville
Boxville,boxville2,boxville2
Boxville,boxville3,boxville3
Boxville,boxville4,boxville4
Armored Boxville,boxville5,boxville5
Boxville (LSDS),boxville6,boxville6
Burrito,burrito,burrito
Bugstars Burrito,burrito2,burrito2
Burrito,burrito3,burrito3
Burrito,burrito4,burrito4
Burrito,burrito5,burrito5
Camper,camper,camper
Gang Burrito,gburrito,gburrito
Gang Burrito,gburrito2,gburrito2
Journey,journey,journey
Journey II,journey2,journey2
Minivan,minivan,minivan
Minivan Custom,minivan2,minivan2
Paradise,paradise,paradise
Pony,pony,pony
Pony,pony2,pony2
Rumpo,rumpo,rumpo
Rumpo,rumpo2,rumpo2
Rumpo Custom,rumpo3,rumpo3
Speedo,speedo,speedo
Clown Van,speedo2,speedo2
Speedo Custom,speedo4,speedo4
Speedo Custom,speedo5,speedo5
Surfer,surfer,surfer
Surfer,surfer2,surfer2
Surfer Custom,surfer3,surfer3
Taco Van,taco,taco
Youga,youga,youga
Youga Classic,youga2,youga2
Youga Classic 4x4,youga3,youga3
Youga Custom,youga4,youga4
BMX,bmx,bmx
Cruiser,cruiser,cruiser
Fixter,fixter,fixter
Inductor,inductor,inductor
Junk Energy Inductor,inductor2,inductor2
Scorcher,scorcher,scorcher
Whippet Race Bike,tribike,tribike
Endurex Race Bike,tribike2,tribike2
Tri-Cycles Race Bike,tribike3,tribike3
Avisa,avisa,avisa
Dinghy,dinghy,dinghy
Dinghy,dinghy2,dinghy2
Dinghy,dinghy3,dinghy3
Dinghy,dinghy4,dinghy4
Weaponized Dinghy,dinghy5,dinghy5
Jetmax,jetmax,jetmax
Kosatka,kosatka,kosatka
Longfin,longfin,longfin
Marquis,marquis,marquis
Kurtz 31 Patrol Boat,patrolboat,patrolboat
Police Predator,predator,predator
Seashark,seashark,seashark
Seashark,seashark2,seashark2
Seashark,seashark3,seashark3
Speeder,speeder,speeder
Speeder,speeder2,speeder2
Squalo,squalo,squalo
Submersible,submersible,submersible
Kraken,submersible2,submersible2
Suntrap,suntrap,suntrap
Toro,toro,toro
Toro,toro2,toro2
Tropic,tropic,tropic
Tropic,tropic2,tropic2
Tug,tug,tug
Akula,akula,akula
Annihilator,annihilator,annihilator
Annihilator Stealth,annihilator2,annihilator2
Buzzard Attack Chopper,buzzard,buzzard
Buzzard,buzzard2,buzzard2
Cargobob,cargobob,cargobob
Cargobob,cargobob2,cargobob2
Cargobob,cargobob3,cargobob3
Cargobob,cargobob4,cargobob4
Conada,conada,conada
Weaponized Conada,conada2,conada2
Frogger,frogger,frogger
Frogger,frogger2,frogger2
Havok,havok,havok
FH-1 Hunter,hunter,hunter
Maverick,maverick,maverick
Higgins Helitours Maverick,maverick2,maverick2
Police Maverick,polmav,polmav
Savage,savage,savage
Sea Sparrow,seasparrow,seasparrow
Sparrow,seasparrow2,seasparrow2
Sparrow,seasparrow3,seasparrow3
Skylift,skylift,skylift
SuperVolito,supervolito,supervolito
SuperVolito Carbon,supervolito2,supervolito2
Swift,swift,swift
Swift Deluxe,swift2,swift2
Valkyrie,valkyrie,valkyrie
Valkyrie MOD.0,valkyrie2,valkyrie2
Volatus,volatus,volatus
RO-86 Alkonost,alkonost,alkonost
Alpha-Z1,alphaz1,alphaz1
Avenger,avenger,avenger
Avenger,avenger2,avenger2
Avenger,avenger3,avenger3
Avenger,avenger4,avenger4
Besra,besra,besra
Atomic Blimp,blimp,blimp
Xero Blimp,blimp2,blimp2
Blimp,blimp3,blimp3
RM-10 Bombushka,bombushka,bombushka
Cargo Plane,cargoplane,cargoplane
Cargo Plane,cargoplane2,cargoplane2
Cuban 800,cuban800,cuban800
Dodo,dodo,dodo
Duster,duster,duster
Howard NX-25,howard,howard
Hydra,hydra,hydra
Jet,jet,jet
P-996 LAZER,lazer,lazer
Luxor,luxor,luxor
Luxor Deluxe,luxor2,luxor2
Mammatus,mammatus,mammatus
Ultralight,microlight,microlight
Miljet,miljet,miljet
Mogul,mogul,mogul
V-65 Molotok,molotok,molotok
Nimbus,nimbus,nimbus
P-45 Nokota,nokota,nokota
Pyro,pyro,pyro
F-160 Raiju,raiju,raiju
Rogue,rogue,rogue
Seabreeze,seabreeze,seabreeze
Shamal,shamal,shamal
LF-22 Starling,starling,starling
Streamer216,streamer216,streamer216
B-11 Strikeforce,strikeforce,strikeforce
Mallard,stunt,stunt
Titan,titan,titan
Tula,tula,tula
Velum,velum,velum
Velum 5-Seater,velum2,velum2
Vestra,vestra,vestra
Volatol,volatol,volatol
Airport Bus,airbus,airbus
Brickade,brickade,brickade
Brickade 6x6,brickade2,brickade2
Bus,bus,bus
Dashound,coach,coach
Festival Bus,pbus2,pbus2
Dune,rallytruck,rallytruck
Rental Shuttle Bus,rentalbus,rentalbus
Taxi,taxi,taxi
Tour Bus,tourbus,tourbus
Trashmaster,trash,trash
Trashmaster,trash2,trash2
Vivanite,vivanite2,vivanite2
Wastelander,wastelander,wastelander
Ambulance,ambulance,ambulance
FIB,fbi,fbi
FIB,fbi2,fbi2
Fire Truck,firetruk,firetruk
Lifeguard,lguard,lguard
Police Prison Bus,pbus,pbus
Buffalo Cruiser,polbuffalo,polbuffalo
Buffalo STX Pursuit,polbuffalo6,polbuffalo6
Gauntlet Interceptor,polgauntlet,polgauntlet
Police Cruiser,police,police
Police Cruiser,police2,police2
Police Cruiser,police3,police3
Unmarked Cruiser,police4,police4
Stanier LE Cruiser,police5,police5
Police Bike,policeb,policeb
Police Bike,policeb2,policeb2
Police Rancher,policeold1,policeold1
Police Roadcruiser,policeold2,policeold2
Police Transporter,policet,policet
Park Ranger,pranger,pranger
Police Riot,riot,riot
RCV,riot2,riot2
Sheriff Cruiser,sheriff,sheriff
Sheriff SUV,sheriff2,sheriff2
APC,apc,apc
Barracks,barracks,barracks
Barracks Semi,barracks2,barracks2
Barracks,barracks3,barracks3
Barrage,barrage,barrage
Chernobog,chernobog,chernobog
Crusader,crusader,crusader
Half-track,halftrack,halftrack
TM-02 Khanjali,khanjali,khanjali
Invade and Persuade Tank,minitank,minitank
Rhino Tank,rhino,rhino
Apocalypse Scarab,scarab,scarab
Future Shock Scarab,scarab2,scarab2
Nightmare Scarab,scarab3,scarab3
Thruster,thruster,thruster
Anti-Aircraft Trailer,trailersmall2,trailersmall2
Vetir,vetir,vetir
Benson,benson,benson
Benson (Cluckin' Bell),benson2,benson2
Biff,biff,biff
Apocalypse Cerberus,cerberus,cerberus
Future Shock Cerberus,cerberus2,cerberus2
Nightmare Cerberus,cerberus3,cerberus3
Hauler,hauler,hauler
Hauler Custom,hauler2,hauler2
Mule,mule,mule
Mule,mule2,mule2
Mule,mule3,mule3
Mule Custom,mule4,mule4
Mule,mule5,mule5
Packer,packer,packer
Phantom,phantom,phantom
Phantom Wedge,phantom2,phantom2
Phantom Custom,phantom3,phantom3
Phantom,phantom4,phantom4
Pounder,pounder,pounder
Pounder Custom,pounder2,pounder2
Stockade,stockade,stockade
Stockade,stockade3,stockade3
Bobcat Security Stockade,stockade4,stockade4
Terrorbyte,terbyte,terbyte
Cable Car,cablecar,cablecar
Freight Train,freight,freight
Freight Train,freight2,freight2
Freight Train,freightcar,freightcar
Freight Train,freightcar2,freightcar2
Freight Train,freightcont1,freightcont1
Freight Train,freightcont2,freightcont2
Freight Train,freightgrain,freightgrain
Freight Train,metrotrain,metrotrain
Freight Train,tankercar,tankercar
PR4,formula,formula
R88,formula2,formula2
BR8,openwheel1,openwheel1
DR1,openwheel2,openwheel2
